Player,Span,Mat,Inns,Overs,Mdns,Runs,Wkts,BBI,Ave,Econ,SR,4,5,Ct,St
P Amarnath,2008-2008,6,6,22,0,236,7,Feb-29,33.71,10.72,18.8,0,0,2,0
S Anirudha,2008-2013,19,-,-,-,-,-,-,-,-,-,-,-,11,0
KB Arun Karthik,2010-2010,1,-,-,-,-,-,-,-,-,-,-,-,0,0
R Ashwin,2009-2015,97,94,337.4,4,2180,90,16-Mar,24.22,6.45,22.5,0,0,20,0
S Badree,2014-2014,4,4,14,0,97,2,19-Jan,48.5,6.92,42,0,0,0,0
S Badrinath,2008-2013,95,-,-,-,-,-,-,-,-,-,-,-,16,0
GJ Bailey,2009-2010,4,-,-,-,-,-,-,-,-,-,-,-,0,0
L Balaji,2008-2010,29,29,93.4,0,809,31,24-May,26.09,8.63,18.1,1,1,5,0
DE Bollinger,2010-2012,27,27,96,3,693,37,13-Apr,18.72,7.21,15.5,1,0,8,0
DJ Bravo,2011-2015,61,58,192.3,0,1542,79,Apr-42,19.51,8.01,14.6,1,0,39,0
MS Dhoni,2008-2015,129,-,-,-,-,-,-,-,-,-,-,-,58,23
F du Plessis,2012-2015,45,1,1,0,16,0,-,-,16,-,0,0,25,0
SP Fleming,2008-2008,10,-,-,-,-,-,-,-,-,-,-,-,2,0
A Flintoff,2009-2009,3,3,11,0,105,2,11-Jan,52.5,9.54,33,0,0,4,0
C Ganapathy,2010-2010,1,1,1,0,13,0,-,-,13,-,0,0,0,0
MS Gony,2008-2010,26,26,85,3,707,23,Mar-34,30.73,8.31,22.1,0,0,5,0
JW Hastings,2014-2014,1,1,3,0,29,1,29-Jan,29,9.66,18,0,0,0,0
ML Hayden,2008-2010,32,-,-,-,-,-,-,-,-,-,-,-,11,0
BW Hilfenhaus,2012-2014,17,17,62,2,479,22,27-Mar,21.77,7.72,16.9,0,0,1,0
JO Holder,2013-2013,6,6,20,0,168,2,20-Feb,84,8.4,60,0,0,3,0
DJ Hussey,2014-2014,5,1,2.5,0,38,2,Feb-38,19,13.41,8.5,0,0,1,0
MEK Hussey,2008-2015,50,-,-,-,-,-,-,-,-,-,-,-,23,0
RA Jadeja,2012-2015,70,60,175.1,0,1369,55,16-May,24.89,7.81,19.1,3,1,25,0
SB Jakati,2009-2012,50,48,152.1,1,1180,45,22-Apr,26.22,7.75,20.2,2,0,17,0
Joginder Sharma,2008-2011,16,15,42.4,0,419,12,27-Feb,34.91,9.82,21.3,0,0,5,0
S Randiv,2011-2011,8,8,29,0,223,6,24-Feb,37.16,7.68,29,0,0,2,0
CK Kapugedera,2008-2008,5,3,2.5,0,49,0,-,-,17.29,-,0,0,4,0
JM Kemp,2010-2010,5,5,7.2,0,54,3,12-Mar,18,7.36,14.6,0,0,1,0
KMDN Kulasekara,2011-2012,6,5,17,0,120,5,10-Feb,24,7.05,20.4,0,0,4,0
B Laughlin,2013-2013,2,2,7,0,71,1,25-Jan,71,10.14,42,0,0,0,0
BB McCullum,2014-2015,28,-,-,-,-,-,-,-,-,-,-,-,8,0
VY Mahesh,2012-2012,5,4,9.2,0,81,3,21-Feb,27,8.67,18.6,0,0,1,0
M Manhas,2014-2014,12,-,-,-,-,-,-,-,-,-,-,-,3,0
RG More,2015-2015,2,2,5.5,0,59,1,31-Jan,59,10.11,35,0,0,1,0
JA Morkel,2008-2013,78,75,254.1,3,2058,76,Apr-32,27.07,8.09,20,1,0,15,0
CH Morris,2013-2013,16,16,50,0,401,15,Mar-40,26.73,8.02,20,0,0,5,0
A Mukund,2008-2008,2,-,-,-,-,-,-,-,-,-,-,-,3,0
M Muralitharan,2008-2010,40,40,156,1,994,40,11-Mar,24.85,6.37,23.4,0,0,11,0
DP Nannes,2013-2013,5,5,19.5,0,158,4,17-Feb,39.5,7.96,29.7,0,0,3,0
P Negi,2014-2015,12,12,37,0,327,6,25-Feb,54.5,8.83,37,0,0,5,0
A Nehra,2014-2015,20,20,77,0,591,30,10-Apr,19.7,7.67,15.4,1,0,3,0
M Ntini,2008-2008,9,9,35,2,242,7,21-Apr,34.57,6.91,30,1,0,1,0
JDP Oram,2008-2009,15,11,31.3,0,282,8,Mar-32,35.25,8.95,23.6,0,0,8,0
IC Pandey,2014-2015,23,22,73,4,541,17,23-Feb,31.82,7.41,25.7,0,0,6,0
PA Patel,2008-2010,26,-,-,-,-,-,-,-,-,-,-,-,9,2
NLTC Perera,2010-2010,1,1,1,0,19,0,-,-,19,-,0,0,0,0
SK Raina,2008-2015,132,58,128.2,0,928,24,Feb-00,38.66,7.23,32,0,0,75,0
AS Rajpoot,2013-2013,2,2,4,0,35,1,25-Jan,35,8.75,24,0,0,0,0
WP Saha,2011-2013,14,-,-,-,-,-,-,-,-,-,-,-,2,0
V Shankar,2014-2014,1,1,1,0,19,0,-,-,19,-,0,0,0,0
MM Sharma,2013-2015,47,47,161.3,0,1259,57,14-Apr,22.08,7.79,17,1,0,10,0
DR Smith,2014-2015,32,6,12,0,112,5,11-Jan,22.4,9.33,14.4,0,0,14,0
TG Southee,2011-2011,5,5,19,0,166,4,30-Jan,41.5,8.73,28.5,0,0,0,0
SB Styris,2011-2011,2,1,1,0,13,0,-,-,13,-,0,0,1,0
T Thushara,2009-2010,6,6,22.3,0,161,8,16-Feb,20.12,7.15,16.8,0,0,3,0
S Tyagi,2009-2010,14,14,34.5,0,295,6,18-Feb,49.16,8.46,34.8,0,0,3,0
S Vidyut,2008-2008,9,1,2,0,22,1,22-Jan,22,11,12,0,0,1,0
M Vijay,2009-2013,64,-,-,-,-,-,-,-,-,-,-,-,32,0
Anand Rajan,2011-2012,6,6,16.5,0,159,6,27-Mar,26.5,9.44,16.8,0,0,2,0
Anirudh Singh,2010-2010,5,-,-,-,-,-,-,-,-,-,-,-,3,0
Ankit Sharma,2012-2012,9,9,24.1,0,165,4,9-Jan,41.25,6.82,36.2,0,0,0,0
A Ashish Reddy,2012-2012,9,9,27.1,0,237,11,25-Mar,21.54,8.72,14.8,0,0,0,0
SB Bangar,2008-2008,11,9,25,0,219,4,Feb-34,54.75,8.76,37.5,0,0,2,0
AA Bilakhia,2009-2010,7,-,-,-,-,-,-,-,-,-,-,-,1,0
B Chipli,2011-2012,19,1,1,0,20,0,-,-,20,-,0,0,2,0
DT Christian,2011-2012,21,21,72.4,0,583,19,13-Feb,30.68,8.02,22.9,0,0,13,0
H Das,2008-2008,1,-,-,-,-,-,-,-,-,-,-,-,0,0
KH Devdhar,2011-2011,1,-,-,-,-,-,-,-,-,-,-,-,0,1
S Dhawan,2011-2012,29,6,8,0,66,4,7-Jan,16.5,8.25,12,0,0,11,0
JP Duminy,2011-2012,19,14,30,0,247,5,3-Jan,49.4,8.23,36,0,0,8,0
FH Edwards,2009-2009,6,6,23.2,1,154,5,27-Feb,30.8,6.6,28,0,0,0,0
HH Gibbs,2008-2010,33,-,-,-,-,-,-,-,-,-,-,-,22,0
AC Gilchrist,2008-2010,46,-,-,-,-,-,-,-,-,-,-,-,25,13
MS Gony,2011-2012,9,9,33,0,292,7,31-Mar,41.71,8.84,28.2,0,0,1,0
Harmeet Singh,2009-2011,17,17,53.5,0,419,14,23-Feb,29.92,7.78,23,0,0,3,0
DJ Harris,2012-2012,4,2,3,0,26,0,-,-,8.66,-,0,0,2,0
RJ Harris,2009-2010,16,16,61.4,2,463,20,18-Mar,23.15,7.5,18.5,0,0,10,0
IR Jaggi,2011-2012,5,-,-,-,-,-,-,-,-,-,-,-,2,0
Jaskaran Singh,2009-2010,8,7,17,0,171,6,18-Feb,28.5,10.05,17,0,0,0,0
AA Jhunjhunwala,2012-2012,5,3,6,0,38,1,13-Jan,38,6.33,36,0,0,2,0
D Kalyankrishna,2008-2008,3,3,8,0,87,2,30-Jan,43.5,10.87,24,0,0,1,0
VVS Laxman,2008-2010,17,-,-,-,-,-,-,-,-,-,-,-,4,0
MJ Lumb,2011-2011,1,-,-,-,-,-,-,-,-,-,-,-,1,0
CA Lynn,2012-2012,1,-,-,-,-,-,-,-,-,-,-,-,1,0
I Malhotra,2011-2011,1,1,1,0,23,0,-,-,23,-,0,0,0,0
MR Marsh,2010-2010,3,3,10,0,88,2,19-Jan,44,8.8,30,0,0,0,0
A Mishra,2011-2012,28,28,100.2,2,735,32,9-Apr,22.96,7.32,18.8,1,0,3,0
MD Mishra,2010-2010,11,-,-,-,-,-,-,-,-,-,-,-,1,0
T Mishra,2012-2012,1,-,-,-,-,-,-,-,-,-,-,-,1,0
PP Ojha,2008-2011,54,53,186.1,0,1328,60,21-Mar,22.13,7.13,18.6,0,0,11,0
PA Patel,2012-2012,14,-,-,-,-,-,-,-,-,-,-,-,5,1
V Pratap Singh,2012-2012,9,9,34,0,296,10,Feb-31,29.6,8.7,20.4,0,0,0,0
DB Ravi Teja,2008-2012,30,2,3,0,28,1,19-Jan,28,9.33,18,0,0,11,0
PA Reddy,2012-2012,5,-,-,-,-,-,-,-,-,-,-,-,0,0
KAJ Roach,2010-2010,2,2,8,0,80,0,-,-,10,-,0,0,1,0
BB Samantray,2012-2012,1,-,-,-,-,-,-,-,-,-,-,-,0,0
KC Sangakkara,2011-2012,25,-,-,-,-,-,-,-,-,-,-,-,26,2
PM Sarvesh Kumar,2008-2008,2,2,5,0,42,1,18-Jan,42,8.4,30,0,0,0,0
Shahid Afridi,2008-2008,10,10,30,0,225,9,28-Mar,25,7.5,20,0,0,4,0
I Sharma,2011-2011,12,12,44,0,314,11,12-May,28.54,7.13,24,0,1,3,0
R Sharma,2010-2010,6,6,20.4,0,167,5,Feb-42,33.4,8.08,24.8,0,0,1,0
RG Sharma,2008-2010,45,22,46,0,339,14,6-Apr,24.21,7.36,19.7,1,0,22,0
Shoaib Ahmed,2009-2009,8,7,17,0,152,5,20-Feb,30.4,8.94,20.4,0,0,4,0
LPC Silva,2008-2008,3,1,1,0,21,0,-,-,21,-,0,0,3,0
RP Singh,2008-2010,42,42,153,2,1229,51,22-Apr,24.09,8.03,18,1,0,16,0
DR Smith,2009-2010,11,10,17.5,0,160,2,22-Jan,80,8.97,53.5,0,0,6,0
S Sohal,2011-2011,11,-,-,-,-,-,-,-,-,-,-,-,0,0
DW Steyn,2011-2012,24,24,92.1,3,584,32,8-Mar,18.25,6.33,17.2,0,0,5,0
SB Styris,2008-2009,10,10,35,0,263,8,Mar-32,32.87,7.51,26.2,0,0,1,0
TP Sudhindra,2012-2012,3,3,11.4,0,136,1,Jan-46,136,11.65,70,0,0,0,0
TL Suman,2009-2010,26,7,17,0,132,5,14-Feb,26.4,7.76,20.4,0,0,5,0
B Sumanth,2010-2010,5,-,-,-,-,-,-,-,-,-,-,-,4,0
A Symonds,2008-2010,28,27,83.5,0,633,19,21-Mar,33.31,7.55,26.4,0,0,16,0
J Theron,2012-2012,2,2,8,0,66,2,Feb-37,33,8.25,24,0,0,0,0
WPUJC Vaas,2008-2010,13,13,47,2,355,18,21-Mar,19.72,7.55,15.6,0,0,0,0
Y Venugopal Rao,2008-2010,33,14,30,0,269,6,23-Feb,44.83,8.96,30,0,0,7,0
DP Vijaykumar,2008-2008,9,9,25.2,0,199,4,17-Jan,49.75,7.85,38,0,0,0,0
CL White,2011-2012,19,2,3,0,27,0,-,-,9,-,0,0,5,0
AS Yadav,2008-2008,8,-,-,-,-,-,-,-,-,-,-,-,1,0
DNT Zoysa,2008-2008,3,3,11,0,99,2,30-Jan,49.5,9,33,0,0,1,0
S Ladda,2010-2010,5,5,15,0,143,4,Feb-44,35.75,9.53,22.5,0,0,0,0
AR Bawne,2017-2017,1,-,-,-,-,-,-,-,-,-,-,-,0,0
VR Aaron,2011-2012,12,11,43,0,353,10,19-Feb,35.3,8.2,25.8,0,0,1,0
AB Agarkar,2011-2013,15,15,51.2,0,457,11,23-Feb,41.54,8.9,28,0,0,3,0
MA Agarwal,2014-2016,21,-,-,-,-,-,-,-,-,-,-,-,4,0
CJ Anderson,2017-2017,11,8,18.5,0,186,3,23-Jan,62,9.87,37.6,0,0,5,0
R Bhatia,2008-2010,22,21,59.4,0,461,19,15-Apr,24.26,7.72,18.8,1,0,6,0
SW Billings,2016-2017,11,-,-,-,-,-,-,-,-,-,-,-,7,0
TR Birt,2011-2011,5,-,-,-,-,-,-,-,-,-,-,-,0,0
J Botha,2013-2013,6,6,16.4,0,109,5,11-Feb,21.8,6.54,20,0,0,5,0
DAJ Bracewell,2012-2012,1,1,4,0,32,3,Mar-32,10.66,8,8,0,0,1,0
CR Brathwaite,2016-2017,10,10,29.1,0,256,8,Mar-47,32,8.77,21.8,0,0,3,0
UBT Chand,2011-2013,13,-,-,-,-,-,-,-,-,-,-,-,5,0
B Chipli,2013-2013,1,-,-,-,-,-,-,-,-,-,-,-,0,0
PD Collingwood,2010-2010,8,6,14.5,0,101,5,19-Feb,20.2,6.8,17.8,0,0,4,0
NM Coulter-Nile,2014-2016,17,16,61.3,1,462,20,20-Apr,23.1,7.51,18.4,1,0,5,0
PJ Cummins,2017-2017,12,12,46.1,0,373,15,20-Feb,24.86,8.07,18.4,0,0,1,0
Q de Kock,2014-2016,23,-,-,-,-,-,-,-,-,-,-,-,4,2
AB de Villiers,2008-2010,28,-,-,-,-,-,-,-,-,-,-,-,22,0
S Dhawan,2008-2008,14,-,-,-,-,-,-,-,-,-,-,-,8,0
TM Dilshan,2008-2010,27,13,25.1,0,171,4,3-Jan,42.75,6.79,37.7,0,0,13,0
AB Dinda,2011-2011,6,5,17,0,152,5,Feb-42,30.4,8.94,20.4,0,0,0,0
JP Duminy,2014-2016,38,25,57,0,421,13,17-Apr,32.38,7.38,26.3,1,0,13,0
AJ Finch,2011-2012,8,1,2,0,13,0,-,-,6.5,-,0,0,4,0
G Gambhir,2008-2010,40,-,-,-,-,-,-,-,-,-,-,-,7,0
CM Gautam,2013-2015,4,-,-,-,-,-,-,-,-,-,-,-,0,1
B Geeves,2008-2008,2,2,8,0,91,1,Jan-50,91,11.37,48,0,0,3,0
Sunny Gupta,2012-2012,1,1,3,0,47,0,-,-,15.66,-,0,0,0,0
MC Henriques,2010-2010,1,1,4,0,35,1,Jan-35,35,8.75,24,0,0,1,0
JR Hopes,2011-2011,10,9,32,0,272,7,25-Jan,38.85,8.5,27.4,0,0,3,0
Imran Tahir,2014-2016,20,20,72.2,0,623,29,28-Apr,21.48,8.61,14.9,1,0,3,0
CA Ingram,2011-2011,3,-,-,-,-,-,-,-,-,-,-,-,0,0
SS Iyer,2015-2017,32,-,-,-,-,-,-,-,-,-,-,-,9,0
KM Jadhav,2010-2015,41,-,-,-,-,-,-,-,-,-,-,-,13,4
DPMD Jayawardene,2012-2013,31,-,-,-,-,-,-,-,-,-,-,-,10,0
MC Juneja,2013-2013,7,-,-,-,-,-,-,-,-,-,-,-,0,0
KD Karthik,2008-2014,56,-,-,-,-,-,-,-,-,-,-,-,31,15
S Kaul,2013-2014,11,11,34.5,2,296,6,27-Feb,49.33,8.49,34.8,0,0,1,0
Z Khan,2015-2017,30,30,108,2,806,27,20-Mar,29.85,7.46,24,0,0,4,0
AB McDonald,2009-2011,6,6,19,0,183,5,Feb-37,36.6,9.63,22.8,0,0,0,0
GD McGrath,2008-2008,14,14,54,2,357,12,29-Apr,29.75,6.61,27,1,0,2,0
MF Maharoof,2008-2010,20,20,70,0,520,27,Mar-34,19.25,7.42,15.5,0,0,4,0
VY Mahesh,2008-2010,13,13,47.1,0,418,18,Apr-36,23.22,8.86,15.7,1,0,5,0
M Manhas,2008-2010,20,-,-,-,-,-,-,-,-,-,-,-,8,0
AD Mathews,2015-2017,14,12,35,0,302,7,15-Feb,43.14,8.62,30,0,0,7,0
GJ Maxwell,2012-2012,2,2,3,0,22,1,10-Jan,22,7.33,18,0,0,0,0
BMAJ Mendis,2013-2013,3,2,5,0,36,1,16-Jan,36,7.2,30,0,0,2,0
A Mishra,2008-2017,71,71,240,2,1792,74,17-May,24.21,7.46,19.4,1,1,14,0
Mohammad Asif,2008-2008,8,8,32,0,296,8,19-Feb,37,9.25,24,0,0,1,0
Mohammed Shami,2014-2017,28,28,95.1,0,856,17,Feb-34,50.35,8.99,33.5,0,0,1,0
JA Morkel,2015-2015,4,4,12,0,109,3,21-Feb,36.33,9.08,24,0,0,1,0
M Morkel,2011-2013,37,37,146,1,1113,45,20-Apr,24.73,7.62,19.4,1,0,2,0
CH Morris,2016-2017,21,21,75,0,548,25,26-Apr,21.92,7.3,18,1,0,13,0
DJ Muthuswami,2015-2015,6,6,14,0,101,4,18-Feb,25.25,7.21,21,0,0,0,0
S Nadeem,2011-2017,55,53,185.5,2,1319,37,16-Mar,35.64,7.09,30.1,0,0,13,0
Y Nagar,2009-2012,26,8,11,0,125,4,20-Feb,31.25,11.36,16.5,0,0,6,0
KK Nair,2016-2017,28,-,-,-,-,-,-,-,-,-,-,-,5,0
DP Nannes,2009-2010,22,22,83.4,0,596,22,27-Mar,27.09,7.12,22.8,0,0,5,0
JDS Neesham,2014-2014,4,4,9,0,91,1,29-Jan,91,10.11,54,0,0,0,0
P Negi,2012-2016,17,12,35,0,264,8,18-Apr,33,7.54,26.2,1,0,4,0
A Nehra,2009-2013,27,27,101,1,758,36,26-Mar,21.05,7.5,16.8,0,0,6,0
NV Ojha,2011-2013,34,-,-,-,-,-,-,-,-,-,-,-,23,2
RR Pant,2016-2017,24,-,-,-,-,-,-,-,-,-,-,-,11,3
WD Parnell,2014-2014,8,8,30.1,0,223,6,21-Feb,37.16,7.39,30.1,0,0,2,0
IK Pathan,2011-2013,46,45,157.1,7,1191,29,28-Mar,41.06,7.57,32.5,0,0,16,0
KP Pietersen,2012-2014,19,3,6,0,53,0,-,-,8.83,-,0,0,5,0
K Rabada,2017-2017,6,6,21.2,0,188,6,20-Feb,31.33,8.81,21.3,0,0,0,0
BJ Rohrer,2013-2013,8,1,1,0,12,0,-,-,12,-,0,0,3,0
AD Russell,2012-2013,7,7,23,0,229,1,Jan-51,229,9.95,138,0,0,1,0
AM Salvi,2009-2011,7,7,25,0,200,7,19-Feb,28.57,8,21.4,0,0,2,0
SV Samson,2016-2017,28,-,-,-,-,-,-,-,-,-,-,-,7,1
MN Samuels,2017-2017,5,2,3,0,34,0,-,-,11.33,-,0,0,1,0
GS Sandhu,2015-2015,3,2,8,0,82,1,Jan-33,82,10.25,48,0,0,0,0
PJ Sangwan,2008-2010,28,28,101.4,1,833,29,18-Mar,28.72,8.19,21,0,0,5,0
V Sehwag,2008-2013,79,15,22.4,0,235,6,18-Feb,39.16,10.36,22.6,0,0,29,0
R Sharma,2014-2014,2,2,6,0,65,1,Jan-33,65,10.83,36,0,0,0,0
Shoaib Malik,2008-2008,7,5,8.3,0,85,2,6-Jan,42.5,10,25.5,0,0,5,0
LR Shukla,2014-2014,5,5,9.2,0,83,1,31-Jan,83,8.89,56,0,0,1,0
R Shukla,2014-2014,3,3,9,0,98,2,13-Jan,49,10.88,27,0,0,1,0
S Sriram,2011-2011,1,1,1,0,25,0,-,-,25,-,0,0,0,0
AP Tare,2017-2017,3,-,-,-,-,-,-,-,-,-,-,-,0,0
LRPL Taylor,2012-2014,16,-,-,-,-,-,-,-,-,-,-,-,5,0
MK Tiwary,2008-2015,24,2,3,0,39,0,-,-,13,-,0,0,6,0
SS Tiwary,2015-2015,7,-,-,-,-,-,-,-,-,-,-,-,5,0
JD Unadkat,2014-2015,10,10,34.1,0,300,9,Mar-32,33.33,8.78,22.7,0,0,0,0
RE van der Merwe,2011-2013,10,10,35.5,1,223,10,20-Mar,22.3,6.22,21.5,0,0,3,0
Y Venugopal Rao,2011-2013,25,4,4,0,52,0,-,-,13,-,0,0,4,0
DL Vettori,2008-2010,12,12,42.5,0,332,11,15-Mar,30.18,7.75,23.3,0,0,4,0
M Vijay,2014-2014,11,1,1,0,13,0,-,-,13,-,0,0,8,0
MS Wade,2011-2011,3,-,-,-,-,-,-,-,-,-,-,-,0,0
DA Warner,2009-2013,55,-,-,-,-,-,-,-,-,-,-,-,22,0
J Yadav,2015-2017,10,10,30,0,196,4,8-Jan,49,6.53,45,0,0,2,0
UT Yadav,2010-2013,47,46,160.5,2,1314,43,24-Apr,30.55,8.16,22.4,1,0,11,0
Yuvraj Singh,2015-2015,14,6,9,0,72,1,14-Jan,72,8,54,0,0,2,0
S Ladda,,1,1,2,0,21,0,-,-,10.5,-,0,0,0,0
AD Nath,,5,-,-,-,-,-,-,-,-,-,-,-,0,0
SS Agarwal,,1,1,4,0,42,1,Jan-42,42,10.5,24,0,0,1,0
Ankit Soni,,7,6,18.1,0,144,2,16-Jan,72,7.92,54.5,0,0,1,0
Basil Thampi,,12,12,44.4,0,424,11,29-Mar,38.54,9.49,24.3,0,0,2,0
DJ Bravo,,15,15,56,0,494,17,22-Apr,29.05,8.82,19.7,1,0,6,0
ER Dwivedi,,4,-,-,-,-,-,-,-,-,-,-,-,2,0
JP Faulkner,,15,15,43.2,0,425,8,Feb-34,53.12,9.8,32.5,0,0,6,0
AJ Finch,,26,-,-,-,-,-,-,-,-,-,-,-,8,0
MS Gony,,1,1,2,0,32,0,-,-,16,-,0,0,0,0
Ishan Kishan,,16,-,-,-,-,-,-,-,-,-,-,-,4,0
RA Jadeja,,27,26,78.1,0,660,13,18-Feb,50.76,8.44,36,0,0,6,0
SB Jakati,,8,8,25,0,230,2,13-Jan,115,9.2,75,0,0,4,0
KD Karthik,,30,-,-,-,-,-,-,-,-,-,-,-,19,3
S Kaushik,,10,10,34,0,297,6,20-Mar,49.5,8.73,34,0,0,0,0
DS Kulkarni,,20,20,67.5,4,537,21,14-Apr,25.57,7.91,19.3,1,0,3,0
P Kumar,,22,22,68,2,552,15,19-Feb,36.8,8.11,27.2,0,0,2,0
BB McCullum,,27,-,-,-,-,-,-,-,-,-,-,-,8,0
MM Patel,,2,2,7,0,57,1,Jan-35,57,8.14,42,0,0,0,0
IK Pathan,,1,1,2,0,26,0,-,-,13,-,0,0,0,0
SK Raina,,29,10,22,0,184,1,11-Jan,184,8.36,132,0,0,11,0
JJ Roy,,3,-,-,-,-,-,-,-,-,-,-,-,1,0
PJ Sangwan,,7,7,22,0,230,5,Feb-38,46,10.45,26.4,0,0,1,0
NB Singh,,2,2,4,0,15,1,7-Jan,15,3.75,24,0,0,0,0
DR Smith,,24,17,31,0,301,10,8-Apr,30.1,9.7,18.6,1,0,10,0
DW Steyn,,1,1,2,0,17,0,-,-,8.5,-,0,0,0,0
PV Tambe,,7,7,16,0,143,5,12-Feb,28.6,8.93,19.2,0,0,1,0
Tejas Baroka,,1,1,3.3,0,33,0,-,-,9.42,-,0,0,0,0
AJ Tye,,6,6,21,0,141,12,17-May,11.75,6.71,10.5,0,1,0,0
S Ladda,2011-2013,3,3,6,0,60,1,18-Jan,60,10,36,0,0,1,0
AB Agarkar,2008-2010,27,27,79,0,694,18,25-Mar,38.55,8.78,26.3,0,0,2,0
Anureet Singh,2009-2009,3,2,5,0,47,2,Feb-35,23.5,9.4,15,0,0,0,0
Azhar Mahmood,2015-2015,1,1,3,0,41,0,-,-,13.66,-,0,0,0,0
L Balaji,2011-2013,35,35,124.3,2,920,33,18-Apr,27.87,7.38,22.6,1,0,6,0
SB Bangar,2009-2009,1,-,-,-,-,-,-,-,-,-,-,-,0,0
R Bhatia,2011-2013,46,43,129,0,931,32,22-Mar,29.09,7.21,24.1,0,0,10,0
MS Bisla,2011-2014,27,-,-,-,-,-,-,-,-,-,-,-,15,7
SE Bond,2010-2010,8,8,31,1,224,9,24-Feb,24.88,7.22,20.6,0,0,1,0
J Botha,2015-2015,4,4,10,0,81,1,Jan-32,81,8.1,60,0,0,4,0
MV Boucher,2011-2011,4,-,-,-,-,-,-,-,-,-,-,-,1,0
TA Boult,2017-2017,6,6,23.5,0,216,5,Feb-30,43.2,9.06,28.6,0,0,0,0
DM Bravo,2017-2017,1,-,-,-,-,-,-,-,-,-,-,-,0,0
KC Cariappa,2015-2015,1,1,2,0,28,1,28-Jan,28,14,12,0,0,0,0
PP Chawla,2014-2017,42,41,129.5,0,1024,42,Apr-32,24.38,7.88,18.5,1,0,9,0
A Chopra,2008-2009,7,-,-,-,-,-,-,-,-,-,-,-,2,0
NM Coulter-Nile,2017-2017,8,8,28.2,0,228,15,20-Mar,15.2,8.04,11.3,0,0,2,0
PJ Cummins,2014-2015,4,4,14,1,126,2,29-Jan,63,9,42,0,0,1,0
DB Das,2008-2013,31,-,-,-,-,-,-,-,-,-,-,-,7,0
C de Grandhomme,2017-2017,12,9,16,0,135,4,4-Mar,33.75,8.43,24,0,0,2,0
M de Lange,2012-2012,3,3,10,0,107,3,Mar-34,35.66,10.7,20,0,0,0,0
AB Dinda,2008-2010,29,27,86.1,0,605,22,Mar-33,27.5,7.02,23.5,0,0,2,0
P Dogra,2013-2013,1,-,-,-,-,-,-,-,-,-,-,-,1,0
G Gambhir,2011-2017,108,-,-,-,-,-,-,-,-,-,-,-,20,0
SC Ganguly,2008-2010,40,16,36,0,268,8,21-Feb,33.5,7.44,27,0,0,15,0
RS Gavaskar,2010-2010,2,1,1,0,8,0,-,-,8,-,0,0,0,0
CH Gayle,2009-2010,16,13,34.5,0,296,5,9-Jan,59.2,8.49,41.8,0,0,7,0
AN Ghosh,2009-2009,2,-,-,-,-,-,-,-,-,-,-,-,1,0
SP Goswami,2011-2011,5,-,-,-,-,-,-,-,-,-,-,-,4,1
BJ Haddin,2011-2011,1,-,-,-,-,-,-,-,-,-,-,-,0,0
Harpreet Singh,2010-2010,1,-,-,-,-,-,-,-,-,-,-,-,0,0
JW Hastings,2016-2016,2,2,6.4,1,37,2,6-Feb,18.5,5.55,20,0,0,0,0
MC Henriques,2009-2009,4,4,12.1,0,107,2,Jan-32,53.5,8.79,36.5,0,0,3,0
BJ Hodge,2008-2010,19,13,25,0,202,9,29-Mar,22.44,8.08,16.6,0,0,6,0
GB Hogg,2015-2016,11,11,37,1,286,13,29-Apr,22,7.72,17,1,0,3,0
JO Holder,2016-2016,4,4,13,0,103,2,Feb-33,51.5,7.92,39,0,0,0,0
DJ Hussey,2008-2010,23,13,27,0,244,2,23-Jan,122,9.03,81,0,0,10,0
Iqbal Abdulla,2008-2013,33,32,102.2,0,674,28,24-Mar,24.07,6.58,21.9,0,0,8,0
SP Jackson,2017-2017,4,-,-,-,-,-,-,-,-,-,-,-,2,0
IR Jaggi,2017-2017,2,-,-,-,-,-,-,-,-,-,-,-,0,0
JH Kallis,2011-2014,56,48,153,1,1153,42,13-Mar,27.45,7.53,21.8,0,0,16,0
M Kartik,2008-2010,26,25,87.4,0,581,16,17-Mar,36.31,6.62,32.8,0,0,10,0
Kuldeep Yadav,2016-2017,15,14,53,0,440,18,Mar-35,24.44,8.3,17.6,0,0,2,0
CK Langeveldt,2009-2010,4,4,15,0,103,8,15-Mar,12.87,6.86,11.2,0,0,0,0
B Lee,2011-2013,25,25,95.2,2,723,16,26-Feb,45.18,7.58,35.7,0,0,4,0
CA Lynn,2014-2017,11,-,-,-,-,-,-,-,-,-,-,-,5,0
BB McCullum,2008-2013,35,-,-,-,-,-,-,-,-,-,-,-,18,6
R McLaren,2013-2013,2,2,7,0,94,3,Feb-60,31.33,13.42,14,0,0,1,0
Mandeep Singh,2010-2010,3,-,-,-,-,-,-,-,-,-,-,-,0,0
Mashrafe Mortaza,2009-2009,1,1,4,0,58,0,-,-,14.5,-,0,0,0,0
AD Mathews,2009-2010,15,13,39.5,0,345,8,19-Apr,43.12,8.66,29.8,1,0,4,0
BAW Mendis,2008-2010,7,7,28,0,207,6,19-Feb,34.5,7.39,28,0,0,2,0
Mohammad Hafeez,2008-2008,8,4,10,0,68,2,8-Jan,34,6.8,30,0,0,1,0
Mohammed Shami,2013-2013,3,3,9,0,78,1,Jan-32,78,8.66,54,0,0,0,0
EJG Morgan,2011-2013,26,-,-,-,-,-,-,-,-,-,-,-,9,0
M Morkel,2014-2016,29,29,111.3,2,870,32,18-Feb,27.18,7.8,20.9,0,0,7,0
C Munro,2016-2016,4,2,2,0,15,0,-,-,7.5,-,0,0,2,0
SP Narine,2012-2017,82,81,320.5,2,2031,95,19-May,21.37,6.33,20.2,6,1,16,0
S Narwal,2013-2013,2,1,2,0,17,0,-,-,8.5,-,0,0,0,0
MK Pandey,2014-2017,55,-,-,-,-,-,-,-,-,-,-,-,23,0
MB Parmar,2010-2010,1,1,3,0,33,0,-,-,11,-,0,0,0,0
YK Pathan,2011-2017,106,45,91,1,674,21,20-Mar,32.09,7.4,26,0,0,25,0
RT Ponting,2008-2008,4,-,-,-,-,-,-,-,-,-,-,-,2,0
CA Pujara,2010-2010,10,-,-,-,-,-,-,-,-,-,-,-,2,0
AS Rajpoot,2016-2017,9,9,25,0,205,7,Mar-37,29.28,8.2,21.4,0,0,1,0
AD Russell,2014-2016,27,27,82.1,0,667,30,20-Apr,22.23,8.11,16.4,1,0,8,0
WP Saha,2008-2010,33,-,-,-,-,-,-,-,-,-,-,-,13,5
Salman Butt,2008-2008,7,-,-,-,-,-,-,-,-,-,-,-,2,0
PJ Sangwan,2012-2013,3,3,8,0,93,1,Jan-42,93,11.62,48,0,0,0,0
SS Sarkar,2009-2009,2,2,4.1,0,34,1,15-Jan,34,8.16,25,0,0,0,0
R Sathish,2016-2016,4,3,6,0,59,1,20-Jan,59,9.83,36,0,0,0,0
SMSM Senanayake,2013-2013,8,8,32,1,209,9,26-Feb,23.22,6.53,21.3,0,0,2,0
OA Shah,2010-2010,5,-,-,-,-,-,-,-,-,-,-,-,0,0
SS Shaikh,2009-2009,2,-,-,-,-,-,-,-,-,-,-,-,2,0
Shakib Al Hasan,2011-2017,43,42,153.3,1,1101,43,17-Mar,25.6,7.17,21.4,0,0,8,0
I Sharma,2008-2010,31,31,110.1,1,862,25,15-Feb,34.48,7.82,26.4,0,0,4,0
Shoaib Akhtar,2008-2008,3,3,7,0,54,5,11-Apr,10.8,7.71,8.4,1,0,0,0
LR Shukla,2008-2013,42,22,43,0,364,14,6-Mar,26,8.46,18.4,0,0,13,0
T Taibu,2008-2008,3,-,-,-,-,-,-,-,-,-,-,-,1,0
RN ten Doeschate,2011-2015,29,10,13,0,94,2,7-Jan,47,7.23,39,0,0,8,0
MK Tiwary,2010-2013,54,3,3,0,34,1,11-Jan,34,11.33,18,0,0,30,0
Umar Gul,2008-2008,6,6,22.3,1,184,12,23-Apr,15.33,8.17,11.2,1,0,0,0
JD Unadkat,2010-2016,12,11,34.2,0,316,10,26-Mar,31.6,9.2,20.6,0,0,3,0
RV Uthappa,2014-2017,58,-,-,-,-,-,-,-,-,-,-,-,27,22
MN van Wyk,2009-2009,5,-,-,-,-,-,-,-,-,-,-,-,7,0
R Vinay Kumar,2014-2014,9,9,32,0,281,7,26-Feb,40.14,8.78,27.4,0,0,1,0
CR Woakes,2017-2017,13,13,44,0,386,17,6-Mar,22.7,8.77,15.5,0,0,6,0
SA Yadav,2014-2017,54,1,1,0,8,0,-,-,8,-,0,0,25,0
UT Yadav,2014-2017,47,47,161.3,0,1393,48,Apr-33,29.02,8.62,20.1,1,0,12,0
Yashpal Singh,2009-2009,8,-,-,-,-,-,-,-,-,-,-,-,3,0
B Akhil,,1,1,2,0,22,0,-,-,11,-,0,0,0,0
Y Gnaneswara Rao,,2,1,1,0,7,0,-,-,7,-,0,0,2,0
RV Gomez,,11,8,15,1,124,5,14-Feb,24.8,8.26,18,0,0,1,0
BJ Hodge,,14,4,11,0,77,7,13-Apr,11,7,9.4,1,0,1,0
RA Jadeja,,14,14,42,0,305,8,25-Feb,38.12,7.26,31.5,0,0,1,0
KM Jadhav,,6,-,-,-,-,-,-,-,-,-,-,-,2,0
DPMD Jayawardene,,13,-,-,-,-,-,-,-,-,-,-,-,6,0
M Klinger,,4,-,-,-,-,-,-,-,-,-,-,-,0,0
VVS Laxman,,3,-,-,-,-,-,-,-,-,-,-,-,0,0
BB McCullum,,13,-,-,-,-,-,-,-,-,-,-,-,2,0
M Muralitharan,,5,5,19,0,141,2,18-Jan,70.5,7.42,57,0,0,1,0
P Parameswaran,,5,5,15.4,0,137,4,20-Feb,34.25,8.74,23.5,0,0,0,0
PA Patel,,14,-,-,-,-,-,-,-,-,-,-,-,8,1
NLTC Perera,,4,4,14,0,111,2,30-Jan,55.5,7.92,42,0,0,0,0
RR Powar,,5,5,12,0,112,2,20-Jan,56,9.33,36,0,0,0,0
P Prasanth,,1,1,1,0,18,0,-,-,18,-,0,0,0,0
OA Shah,,3,-,-,-,-,-,-,-,-,-,-,-,2,0
RP Singh,,14,14,50,0,345,13,25-Apr,26.53,6.9,23,1,0,6,0
S Sreesanth,,9,9,31.5,2,206,7,10-Feb,29.42,6.47,27.2,0,0,1,0
R Vinay Kumar,,13,13,44.4,0,335,12,25-Mar,27.91,7.5,22.3,0,0,4,0
VR Aaron,2017-2017,6,6,20,0,163,7,3-Feb,23.28,8.15,17.1,0,0,0,0
KJ Abbott,2016-2016,5,5,16,0,177,2,Jan-38,88.5,11.06,48,0,0,0,0
YA Abdulla,2009-2010,11,11,34.5,1,307,15,Apr-31,20.46,8.81,13.9,2,0,0,0
L Ablish,2010-2011,3,3,7,0,75,3,17-Feb,25,10.71,14,0,0,0,0
HM Amla,2016-2017,16,-,-,-,-,-,-,-,-,-,-,-,0,0
Anureet Singh,2015-2017,17,17,59.4,0,534,15,23-Mar,35.6,8.94,23.8,0,0,4,0
P Awana,2012-2014,33,33,124.3,2,1029,39,Apr-34,26.38,8.26,19.1,1,0,4,0
Azhar Mahmood,2012-2013,22,22,86.3,0,659,29,20-Mar,22.72,7.61,17.8,0,0,8,0
GJ Bailey,2014-2015,30,-,-,-,-,-,-,-,-,-,-,-,9,0
L Balaji,2014-2014,9,9,34,0,299,12,13-Apr,24.91,8.79,17,1,0,0,0
AB Barath,2010-2010,3,-,-,-,-,-,-,-,-,-,-,-,0,0
F Behardien,2016-2016,3,-,-,-,-,-,-,-,-,-,-,-,1,0
BA Bhatt,2011-2013,17,15,49.2,0,397,12,22-Apr,33.08,8.04,24.6,1,0,1,0
Bipul Sharma,2010-2013,15,12,33.4,0,272,8,Feb-32,34,8.07,25.2,0,0,4,0
MS Bisla,2010-2010,10,-,-,-,-,-,-,-,-,-,-,-,4,0
RS Bopara,2009-2010,15,7,14.2,0,132,5,31-Mar,26.4,9.2,17.2,0,0,5,0
RR Bose,2009-2009,1,1,2,0,24,0,-,-,12,-,0,0,0,0
KC Cariappa,2016-2017,9,9,32,0,286,7,16-Feb,40.85,8.93,27.4,0,0,3,0
PP Chawla,2008-2013,87,87,297.2,2,2237,84,17-Apr,26.63,7.52,21.2,1,0,22,0
SD Chitnis,2011-2012,7,-,-,-,-,-,-,-,-,-,-,-,1,0
P Dharmani,2008-2008,1,-,-,-,-,-,-,-,-,-,-,-,0,0
R Dhawan,2014-2016,20,20,66.2,0,531,16,14-Feb,33.18,8,24.8,0,0,3,0
P Dogra,2012-2012,3,-,-,-,-,-,-,-,-,-,-,-,1,0
JP Faulkner,2012-2012,2,2,8,0,72,3,Feb-41,24,9,16,0,0,1,0
Gagandeep Singh,2008-2008,4,4,14,0,141,3,Jan-33,47,10.07,28,0,0,0,0
AC Gilchrist,2011-2013,34,1,0.1,0,0,1,Jan-00,0,0,1,0,0,26,3
K Goel,2008-2010,22,6,11,0,93,0,-,-,8.45,-,0,0,9,0
MS Gony,2013-2013,8,8,28,0,256,7,24-Feb,36.57,9.14,24,0,0,0,0
MJ Guptill,2017-2017,7,-,-,-,-,-,-,-,-,-,-,-,6,0
Gurkeerat Singh,2012-2017,30,6,13,0,97,5,15-Feb,19.4,7.46,15.6,0,0,13,1
Harmeet Singh,2012-2013,10,10,33.4,0,278,12,24-Mar,23.16,8.25,16.8,0,0,2,0
RJ Harris,2011-2013,21,21,77,1,584,25,Apr-34,23.36,7.58,18.4,1,0,10,0
BE Hendricks,2014-2015,7,7,25,0,235,9,Mar-36,26.11,9.4,16.6,0,0,3,0
MJ Henry,2017-2017,2,2,5,0,71,1,31-Jan,71,14.2,30,0,0,0,0
JR Hopes,2008-2008,11,11,28,0,276,7,2-Feb,39.42,9.85,24,0,0,3,0
DJ Hussey,2011-2013,36,12,23,0,192,4,2-Feb,48,8.34,34.5,0,0,14,0
DPMD Jayawardene,2008-2010,36,-,-,-,-,-,-,-,-,-,-,-,16,0
MG Johnson,2014-2016,26,26,100.2,1,886,28,19-Feb,31.64,8.83,21.5,0,0,5,0
M Kaif,2010-2010,4,-,-,-,-,-,-,-,-,-,-,-,2,0
Karanveer Singh,2014-2015,9,9,34,0,321,12,Apr-54,26.75,9.44,17,1,0,2,0
KD Karthik,2011-2011,14,-,-,-,-,-,-,-,-,-,-,-,7,0
M Kartik,2014-2014,2,2,8,0,91,1,Jan-51,91,11.37,48,0,0,1,0
SM Katich,2008-2009,11,-,-,-,-,-,-,-,-,-,-,-,2,0
U Kaul,2008-2008,5,-,-,-,-,-,-,-,-,-,-,-,2,0
T Kohli,2009-2009,2,-,-,-,-,-,-,-,-,-,-,-,0,0
P Kumar,2011-2013,44,44,165.2,10,1152,31,10-Feb,37.16,6.96,32,0,0,4,0
B Lee,2008-2010,13,13,50.3,1,372,9,15-Mar,41.33,7.36,33.6,0,0,6,0
R McLaren,2011-2011,6,6,18,0,178,5,Feb-33,35.6,9.88,21.6,0,0,2,0
VS Malik,2009-2011,9,9,21.1,0,173,3,12-Jan,57.66,8.17,42.3,0,0,1,0
Mandeep Singh,2011-2014,41,-,-,-,-,-,-,-,-,-,-,-,13,0
SE Marsh,2008-2017,71,-,-,-,-,-,-,-,-,-,-,-,26,0
AD Mascarenhas,2012-2013,5,5,20,0,130,7,25-May,18.57,6.5,17.1,0,1,2,0
GJ Maxwell,2014-2017,52,29,49,0,434,10,15-Feb,43.4,8.85,29.4,0,0,21,0
DA Miller,2012-2017,66,-,-,-,-,-,-,-,-,-,-,-,42,0
EJG Morgan,2017-2017,4,-,-,-,-,-,-,-,-,-,-,-,3,0
WA Mota,2008-2009,12,7,12,0,97,4,6-Jan,24.25,8.08,18,0,0,5,0
NS Naik,2016-2016,2,-,-,-,-,-,-,-,-,-,-,-,2,0
T Natarajan,2017-2017,6,6,12.4,0,115,2,26-Jan,57.5,9.07,38,0,0,0,0
AM Nayar,2011-2012,14,7,11.1,0,111,2,22-Jan,55.5,9.94,33.5,0,0,2,0
MG Neser,2013-2013,1,1,4,0,62,0,-,-,15.5,-,0,0,0,0
AR Patel,2014-2017,59,59,208.3,2,1547,58,21-Apr,26.67,7.41,21.5,1,0,23,0
IK Pathan,2008-2010,42,42,149.4,3,1166,47,24-Mar,24.8,7.79,19.1,0,0,12,0
NLTC Perera,2015-2015,2,2,6,0,55,1,Jan-33,55,9.16,36,0,0,0,0
LA Pomersbach,2008-2013,12,-,-,-,-,-,-,-,-,-,-,-,2,0
RR Powar,2008-2012,22,21,59,0,415,11,11-Feb,37.72,7.03,32.1,0,0,5,0
CA Pujara,2014-2014,6,-,-,-,-,-,-,-,-,-,-,-,0,0
NJ Rimmington,2011-2011,1,1,3,0,19,0,-,-,6.33,-,0,0,0,0
WP Saha,2014-2017,57,-,-,-,-,-,-,-,-,-,-,-,36,12
P Sahu,2016-2016,5,5,17.3,0,146,3,18-Feb,48.66,8.34,35,0,0,0,0
N Saini,2012-2012,10,-,-,-,-,-,-,-,-,-,-,-,11,2
Sandeep Sharma,2013-2017,56,56,204.1,8,1587,71,20-Apr,22.35,7.77,17.2,2,0,8,0
KC Sangakkara,2008-2010,37,-,-,-,-,-,-,-,-,-,-,-,16,7
RR Sarwan,2008-2008,4,-,-,-,-,-,-,-,-,-,-,-,1,0
R Sathish,2013-2013,9,3,4,0,51,0,-,-,12.75,-,0,0,0,0
V Sehwag,2014-2015,25,-,-,-,-,-,-,-,-,-,-,-,5,0
I Sharma,2017-2017,6,6,18,0,179,0,-,-,9.94,-,0,0,0,0
MM Sharma,2016-2017,28,28,94.1,0,817,26,23-Mar,31.42,8.67,21.7,0,0,6,0
Shivam Sharma,2014-2015,5,5,19,0,165,4,26-Feb,41.25,8.68,28.5,0,0,1,0
VRV Singh,2008-2010,19,18,60,0,542,12,29-Mar,45.16,9.03,30,0,0,3,0
RS Sodhi,2010-2010,3,-,-,-,-,-,-,-,-,-,-,-,2,0
S Sohal,2008-2010,11,-,-,-,-,-,-,-,-,-,-,-,2,0
S Sreesanth,2008-2010,28,28,93.1,0,825,28,29-Mar,29.46,8.85,19.9,0,0,2,0
SJ Srivastava,2010-2011,14,14,47,0,441,14,20-Feb,31.5,9.38,20.1,0,0,3,0
TM Srivastava,2008-2009,7,-,-,-,-,-,-,-,-,-,-,-,2,0
MP Stoinis,2016-2017,12,12,33.3,0,304,10,15-Apr,30.4,9.07,20.1,1,0,3,0
Sunny Singh,2011-2011,6,-,-,-,-,-,-,-,-,-,-,-,1,0
Swapnil Singh,2016-2017,5,5,10,0,90,1,14-Jan,90,9,60,0,0,1,0
R Tewatia,2017-2017,3,3,9,0,49,3,18-Feb,16.33,5.44,18,0,0,0,0
SN Thakur,2015-2015,1,1,3,0,38,1,Jan-38,38,12.66,18,0,0,0,0
J Theron,2010-2010,7,7,24,0,187,6,17-Feb,31.16,7.79,24,0,0,1,0
PC Valthaty,2011-2013,21,10,25.1,0,205,7,29-Apr,29.28,8.14,21.5,1,0,3,0
M Vijay,2015-2016,25,3,5,0,36,0,-,-,7.2,-,0,0,6,0
M Vohra,2013-2017,45,-,-,-,-,-,-,-,-,-,-,-,13,0
Yuvraj Singh,2008-2010,43,25,52,0,377,14,13-Mar,26.92,7.25,22.2,0,0,14,0
AN Ahmed,2010-2013,10,10,31,1,257,8,13-Feb,32.12,8.29,23.2,0,0,2,0
CJ Anderson,2014-2015,16,11,22,0,217,5,18-Feb,43.4,9.86,26.4,0,0,6,0
STR Binny,2010-2010,1,1,1,0,9,0,-,-,9,-,0,0,0,0
AC Blizzard,2011-2012,7,-,-,-,-,-,-,-,-,-,-,-,4,0
DJ Bravo,2008-2010,30,30,87.4,1,719,26,24-Mar,27.65,8.2,20.2,0,0,15,0
JJ Bumrah,2013-2017,47,47,173,3,1401,46,7-Mar,30.45,8.09,22.5,0,0,3,0
JC Buttler,2016-2017,24,-,-,-,-,-,-,-,-,-,-,-,8,0
YS Chahal,2013-2013,1,1,4,0,34,0,-,-,8.5,-,0,0,0,0
UBT Chand,2015-2016,7,-,-,-,-,-,-,-,-,-,-,-,3,0
SD Chitnis,2008-2008,3,2,6,0,60,2,Feb-40,30,10,18,0,0,1,0
NM Coulter-Nile,2013-2013,1,1,4,0,29,1,29-Jan,29,7.25,24,0,0,1,0
M de Lange,2014-2015,2,2,8,1,62,2,Feb-32,31,7.75,24,0,0,0,0
R Dhawan,2013-2013,6,5,15,1,109,2,6-Jan,54.5,7.26,45,0,0,3,0
S Dhawan,2009-2010,15,-,-,-,-,-,-,-,-,-,-,-,6,0
JP Duminy,2009-2010,20,8,23,0,130,5,15-Feb,26,5.65,27.6,0,0,7,0
BR Dunk,2014-2014,3,-,-,-,-,-,-,-,-,-,-,-,3,0
CRD Fernando,2008-2010,10,10,39,0,298,17,18-Apr,17.52,7.64,13.7,1,0,3,0
AJ Finch,2015-2015,3,-,-,-,-,-,-,-,-,-,-,-,0,0
JEC Franklin,2011-2012,20,15,25.1,0,220,9,18-Feb,24.44,8.74,16.7,0,0,6,0
CM Gautam,2014-2014,9,-,-,-,-,-,-,-,-,-,-,-,3,3
HH Gibbs,2012-2012,3,-,-,-,-,-,-,-,-,-,-,-,0,0
S Gopal,2014-2016,6,6,19.1,0,154,7,25-Feb,22,8.03,16.4,0,0,1,0
MJ Guptill,2016-2016,3,-,-,-,-,-,-,-,-,-,-,-,0,0
Harbhajan Singh,2008-2017,136,134,486.3,5,3385,127,18-May,26.65,6.95,22.9,1,1,40,0
MEK Hussey,2014-2014,9,-,-,-,-,-,-,-,-,-,-,-,3,0
DJ Jacobs,2011-2012,7,-,-,-,-,-,-,-,-,-,-,-,3,2
ST Jayasuriya,2008-2010,30,21,49,1,390,13,14-Mar,30,7.95,22.6,0,0,4,0
MG Johnson,2013-2017,22,22,84,1,600,31,26-Mar,19.35,7.14,16.2,0,0,8,0
KD Karthik,2012-2013,36,-,-,-,-,-,-,-,-,-,-,-,17,4
Z Khan,2009-2014,26,26,91.4,1,664,26,21-Mar,25.53,7.24,21.1,0,0,6,0
MA Khote,2008-2008,4,2,5,0,51,2,Feb-29,25.5,10.2,15,0,0,0,0
DS Kulkarni,2008-2013,33,33,106.1,1,846,36,18-Mar,23.5,7.96,17.6,0,0,6,0
P Kumar,2014-2014,3,3,12,0,78,3,Feb-31,26,6.5,24,0,0,0,0
RE Levi,2012-2012,6,-,-,-,-,-,-,-,-,-,-,-,2,0
MJ McClenaghan,2015-2017,40,40,154.2,0,1329,54,21-Apr,24.61,8.61,17.1,1,0,1,0
CJ McKay,2012-2012,2,2,7,0,60,1,Jan-36,60,8.57,42,0,0,0,0
R McLaren,2010-2010,10,10,34,0,270,4,28-Feb,67.5,7.94,51,0,0,2,0
C Madan,2010-2010,1,-,-,-,-,-,-,-,-,-,-,-,0,0
SL Malinga,2009-2017,110,110,426.2,8,2928,154,13-May,19.01,6.86,16.6,4,1,20,0
GJ Maxwell,2013-2013,3,2,2,0,23,0,-,-,11.5,-,0,0,1,0
Mohammad Ashraful,2009-2009,1,-,-,-,-,-,-,-,-,-,-,-,2,0
AG Murtaza,2010-2011,8,8,32,0,208,6,18-Feb,34.66,6.5,32,0,0,2,0
C Nanda,2009-2009,3,3,8,0,57,2,4-Jan,28.5,7.12,24,0,0,0,0
GR Napier,2009-2009,1,1,4,0,27,1,27-Jan,27,6.75,24,0,0,0,0
AM Nayar,2008-2010,30,9,19,0,152,5,13-Mar,30.4,8,22.8,0,0,9,0
A Nehra,2008-2008,14,14,44.5,0,348,12,13-Mar,29,7.76,22.4,0,0,7,0
A Nel,2008-2008,1,1,3,0,31,1,31-Jan,31,10.33,18,0,0,0,0
PP Ojha,2012-2015,38,37,130.2,1,1004,29,11-Mar,34.62,7.7,26.9,0,0,3,0
JDP Oram,2013-2013,1,1,4,0,22,0,-,-,5.5,-,0,0,0,0
MK Pandey,2008-2008,3,-,-,-,-,-,-,-,-,-,-,-,0,0
HH Pandya,2015-2017,37,31,59.4,0,542,10,22-Feb,54.2,9.08,35.8,0,0,24,0
KH Pandya,2016-2017,25,24,71.1,0,509,16,14-Mar,31.81,7.15,26.6,0,0,4,0
MM Patel,2011-2013,31,31,116,3,862,40,21-May,21.55,7.43,17.4,2,1,8,0
PA Patel,2015-2017,40,-,-,-,-,-,-,-,-,-,-,-,22,6
RV Pawar,2008-2008,1,-,-,-,-,-,-,-,-,-,-,-,0,0
NLTC Perera,2012-2012,2,2,2.3,0,27,0,-,-,10.8,-,0,0,2,0
RJ Peterson,2012-2012,5,4,8,0,70,3,Mar-37,23.33,8.75,16,0,0,1,0
KA Pollard,2010-2017,123,81,199.5,0,1770,56,Apr-44,31.6,8.85,21.4,1,0,70,0
SM Pollock,2008-2008,13,13,46,1,301,11,12-Mar,27.36,6.54,25,0,0,2,0
RT Ponting,2013-2013,6,-,-,-,-,-,-,-,-,-,-,-,2,0
RW Price,2011-2011,1,1,3,0,33,0,-,-,11,-,0,0,0,0
AM Rahane,2008-2009,10,1,1,0,5,1,5-Jan,5,5,6,0,0,1,0
RR Raje,2008-2009,10,10,23.1,0,209,6,16-Feb,34.83,9.02,23.1,0,0,3,0
N Rana,2016-2017,17,1,1,0,3,0,-,-,3,-,0,0,4,0
AT Rayudu,2010-2017,114,-,-,-,-,-,-,-,-,-,-,-,45,2
L Ronchi,2008-2009,5,-,-,-,-,-,-,-,-,-,-,-,4,0
K Santokie,2014-2014,2,2,8,0,90,3,Feb-50,30,11.25,16,0,0,1,0
R Sathish,2010-2011,21,8,13.1,0,122,2,11-Jan,61,9.26,39.5,0,0,6,0
PR Shah,2008-2009,14,-,-,-,-,-,-,-,-,-,-,-,10,2
RA Shaikh,2009-2009,1,1,1,0,11,0,-,-,11,-,0,0,0,0
KV Sharma,2017-2017,9,9,30.4,0,214,13,16-Apr,16.46,6.97,14.1,1,0,3,0
RG Sharma,2011-2017,114,8,9.2,0,101,1,20-Jan,101,10.82,56,0,0,49,0
R Shukla,2012-2012,1,1,3,0,31,0,-,-,10.33,-,0,0,0,0
LMP Simmons,2014-2017,29,1,3,0,34,1,Jan-34,34,11.33,18,0,0,10,0
RP Singh,2012-2012,11,11,41,0,318,10,28-Mar,31.8,7.75,24.6,0,0,3,0
DR Smith,2008-2013,24,13,29,0,237,9,26-Mar,26.33,8.17,19.3,0,0,11,0
TG Southee,2016-2017,14,14,53,1,425,12,24-Mar,35.41,8.01,26.5,0,0,5,0
J Suchith,2015-2016,14,13,41,0,368,10,14-Feb,36.8,8.97,24.6,0,0,8,0
TL Suman,2011-2012,10,3,6,0,50,0,-,-,8.33,-,0,0,3,0
P Suyal,2013-2015,5,5,16,0,151,2,21-Jan,75.5,9.43,48,0,0,1,0
A Symonds,2011-2011,11,3,4,0,41,1,11-Jan,41,10.25,24,0,0,5,0
YV Takawale,2008-2009,11,-,-,-,-,-,-,-,-,-,-,-,11,3
AP Tare,2010-2015,29,-,-,-,-,-,-,-,-,-,-,-,2,5
SR Tendulkar,2008-2013,78,4,6,0,58,0,-,-,9.66,-,0,0,23,0
DJ Thornely,2008-2008,6,4,7,0,40,3,7-Feb,13.33,5.71,14,0,0,3,0
SS Tiwary,2008-2017,24,-,-,-,-,-,-,-,-,-,-,-,4,0
RV Uthappa,2008-2008,14,-,-,-,-,-,-,-,-,-,-,-,9,0
R Vinay Kumar,2015-2017,17,17,55.3,1,463,12,17-Feb,38.58,8.34,27.7,0,0,6,0
SA Yadav,2012-2012,1,-,-,-,-,-,-,-,-,-,-,-,0,0
VS Yeligati,2008-2008,2,2,5,0,59,0,-,-,11.8,-,0,0,0,0
UA Birla,2013-2013,2,-,-,-,-,-,-,-,-,-,-,-,1,0
MJ Clarke,2012-2012,6,5,11,0,67,2,12-Jan,33.5,6.09,33,0,0,1,0
AB Dinda,2012-2013,20,20,73,1,634,25,18-Apr,25.36,8.68,17.5,1,0,4,0
JP Faulkner,2011-2011,1,1,2,1,9,1,9-Jan,9,4.5,12,0,0,0,0
CJ Ferguson,2011-2012,9,-,-,-,-,-,-,-,-,-,-,-,2,0
AJ Finch,2013-2013,14,3,4,0,49,1,11-Jan,49,12.25,24,0,0,2,0
SC Ganguly,2011-2012,19,4,10,0,95,2,27-Feb,47.5,9.5,30,0,0,7,0
RV Gomez,2013-2013,2,1,1,0,5,0,-,-,5,-,0,0,2,0
Harpreet Singh,2011-2012,3,-,-,-,-,-,-,-,-,-,-,-,2,0
AA Jhunjhunwala,2011-2011,3,2,2,0,22,0,-,-,11,-,0,0,4,0
Kamran Khan,2011-2011,1,1,3,0,47,0,-,-,15.66,-,0,0,0,0
M Kartik,2011-2012,17,17,57,1,432,5,14-Feb,86.4,7.57,68.4,0,0,5,0
B Kumar,2011-2013,31,31,107,2,719,24,18-Mar,29.95,6.71,26.7,0,0,4,0
NL McCullum,2011-2011,2,2,5,0,34,0,-,-,6.8,-,0,0,1,0
AP Majumdar,2012-2012,4,-,-,-,-,-,-,-,-,-,-,-,0,0
M Manhas,2011-2013,23,3,7,0,42,0,-,-,6,-,0,0,9,0
MR Marsh,2011-2013,14,12,33.3,0,281,14,25-Apr,20.07,8.38,14.3,1,0,7,0
AD Mathews,2012-2013,20,19,57,0,432,12,14-Mar,36,7.57,28.5,0,0,8,0
BAW Mendis,2013-2013,3,3,12,0,78,2,15-Jan,39,6.5,36,0,0,0,0
MD Mishra,2011-2012,7,-,-,-,-,-,-,-,-,-,-,-,0,0
SS Mundhe,2011-2011,1,1,1,0,6,1,6-Jan,6,6,6,0,0,0,0
AG Murtaza,2012-2013,4,4,12,0,105,3,15-Mar,35,8.75,24,0,0,1,0
AM Nayar,2013-2013,11,3,8,0,59,2,15-Jan,29.5,7.37,24,0,0,1,0
A Nehra,2012-2012,13,13,48,0,402,11,23-Mar,36.54,8.37,26.1,0,0,1,0
TD Paine,2011-2011,2,-,-,-,-,-,-,-,-,-,-,-,0,0
IC Pandey,2013-2013,2,2,4,0,50,1,17-Jan,50,12.5,24,0,0,0,0
MK Pandey,2011-2013,27,-,-,-,-,-,-,-,-,-,-,-,14,0
WD Parnell,2011-2013,18,18,65.1,1,478,20,27-Mar,23.9,7.33,19.5,0,0,3,0
Parvez Rasool,2013-2013,2,2,5,0,28,1,23-Jan,28,5.6,30,0,0,0,0
S Rana,2011-2011,2,1,0.4,0,2,0,-,-,3,-,0,0,0,0
M Rawat,2013-2013,2,-,-,-,-,-,-,-,-,-,-,-,1,1
KW Richardson,2013-2013,3,3,11.5,0,101,2,28-Jan,50.5,8.53,35.5,0,0,0,0
JD Ryder,2011-2012,24,11,22.2,1,188,5,8-Jan,37.6,8.41,26.8,0,0,8,0
MN Samuels,2012-2013,10,9,32.4,0,250,9,Mar-39,27.77,7.65,21.7,0,0,1,0
R Sharma,2011-2013,36,36,128,1,854,34,13-Mar,25.11,6.67,22.5,0,0,11,0
GC Smith,2011-2011,4,-,-,-,-,-,-,-,-,-,-,-,1,0
SPD Smith,2012-2013,22,1,0.2,0,5,0,-,-,15,-,0,0,14,0
TL Suman,2013-2013,7,1,2,0,15,1,15-Jan,15,7.5,12,0,0,2,0
JE Taylor,2011-2011,5,5,19.3,0,157,6,30-Mar,26.16,8.05,19.5,0,0,0,0
LRPL Taylor,2013-2013,5,-,-,-,-,-,-,-,-,-,-,-,2,0
AC Thomas,2011-2012,15,15,52.3,2,406,14,22-Mar,29,7.73,22.5,0,0,3,0
K Upadhyay,2012-2013,3,3,9,0,81,0,-,-,9,-,0,0,1,0
RV Uthappa,2011-2013,46,-,-,-,-,-,-,-,-,-,-,-,25,6
SB Wagh,2011-2011,7,7,16,0,121,4,16-Mar,30.25,7.56,24,0,0,1,0
LJ Wright,2012-2013,7,6,11.5,0,124,2,12-Jan,62,10.47,35.5,0,0,2,0
Yuvraj Singh,2011-2013,27,23,51,0,344,15,29-Apr,22.93,6.74,20.4,1,0,6,0
VR Aaron,2014-2016,24,23,77.4,1,703,21,16-Mar,33.47,9.05,22.1,0,0,1,0
SA Abbott,2015-2015,2,2,5,0,57,0,-,-,11.4,-,0,0,0,0
Abdur Razzak,2008-2008,1,1,2,0,29,0,-,-,14.5,-,0,0,0,0
MA Agarwal,2011-2013,29,-,-,-,-,-,-,-,-,-,-,-,15,0
AN Ahmed,2014-2015,7,7,26.2,0,241,4,18-Jan,60.25,9.15,39.5,0,0,0,0
B Akhil,2008-2010,14,12,29.2,0,220,6,17-Feb,36.66,7.5,29.3,0,0,3,0
KP Appanna,2009-2012,14,13,36,0,286,9,19-Apr,31.77,7.94,24,1,0,1,0
S Aravind,2011-2017,38,38,126.4,0,1039,45,14-Apr,23.08,8.2,16.8,2,0,8,0
KB Arun Karthik,2011-2013,16,-,-,-,-,-,-,-,-,-,-,-,11,2
J Arunkumar,2008-2008,3,-,-,-,-,-,-,-,-,-,-,-,0,0
Avesh Khan,2017-2017,1,1,4,0,23,1,23-Jan,23,5.75,24,0,0,0,0
S Badree,2017-2017,7,7,25,1,188,9,9-Apr,20.88,7.52,16.6,1,0,2,0
RR Bhatkal,2012-2012,1,1,2,0,35,0,-,-,17.5,-,0,0,1,0
STR Binny,2016-2017,22,15,23,0,184,5,9-Jan,36.8,8,27.6,0,0,4,0
R Bishnoi,2009-2009,3,-,-,-,-,-,-,-,-,-,-,-,1,0
MS Bisla,2015-2015,2,-,-,-,-,-,-,-,-,-,-,-,1,0
MV Boucher,2008-2010,27,-,-,-,-,-,-,-,-,-,-,-,13,3
YS Chahal,2014-2017,55,54,194.3,1,1535,70,25-Apr,21.92,7.89,16.6,1,0,14,0
S Chanderpaul,2008-2008,3,-,-,-,-,-,-,-,-,-,-,-,0,0
B Chipli,2008-2008,3,-,-,-,-,-,-,-,-,-,-,-,1,0
A Choudhary,2017-2017,5,5,16.5,2,144,5,17-Feb,28.8,8.55,20.2,0,0,0,0
DT Christian,2013-2013,2,2,6,0,55,0,-,-,9.16,-,0,0,0,0
AB de Villiers,2011-2017,101,-,-,-,-,-,-,-,-,-,-,-,59,7
TM Dilshan,2011-2013,25,12,20,0,195,1,30-Jan,195,9.75,120,0,0,7,0
AB Dinda,2014-2015,11,11,36,0,332,5,14-Jan,66.4,9.22,43.2,0,0,1,0
ND Doshi,2010-2010,1,1,4,0,17,1,17-Jan,17,4.25,24,0,0,0,0
R Dravid,2008-2010,43,-,-,-,-,-,-,-,-,-,-,-,8,0
D du Preez,2009-2009,2,2,7,1,56,4,Mar-32,14,8,10.5,0,0,0,0
CH Gayle,2011-2017,85,24,56.4,0,428,13,21-Mar,32.92,7.55,26.1,0,0,16,0
SP Goswami,2008-2010,7,-,-,-,-,-,-,-,-,-,-,-,3,2
TM Head,2016-2017,10,5,8,0,81,2,Feb-30,40.5,10.12,24,0,0,3,0
MC Henriques,2013-2013,10,8,21.1,0,185,7,14-Feb,26.42,8.74,18.1,0,0,5,0
Iqbal Abdulla,2015-2017,15,15,49,1,418,12,Mar-40,34.83,8.53,24.5,0,0,5,0
KM Jadhav,2016-2017,17,-,-,-,-,-,-,-,-,-,-,-,8,3
W Jaffer,2008-2009,8,-,-,-,-,-,-,-,-,-,-,-,4,0
SB Jakati,2014-2014,1,1,3.4,0,41,0,-,-,11.18,-,0,0,0,0
CJ Jordan,2016-2016,9,9,28,0,258,11,11-Apr,23.45,9.21,15.2,1,0,4,0
SB Joshi,2008-2008,4,4,9.1,0,82,1,27-Jan,82,8.94,55,0,0,0,0
M Kaif,2011-2012,9,-,-,-,-,-,-,-,-,-,-,-,5,0
JH Kallis,2008-2010,42,41,137.2,2,1140,23,3-Feb,49.56,8.3,35.8,0,0,15,0
KD Karthik,2015-2015,16,-,-,-,-,-,-,-,-,-,-,-,14,4
M Kartik,2013-2013,11,11,39,0,284,9,24-Feb,31.55,7.28,26,0,0,4,0
AA Kazi,2011-2011,1,1,2,0,21,0,-,-,10.5,-,0,0,0,0
SN Khan,2015-2016,18,-,-,-,-,-,-,-,-,-,-,-,0,0
Z Khan,2008-2013,44,43,167,2,1312,49,17-Apr,26.77,7.85,20.4,1,0,11,0
V Kohli,2008-2017,149,26,41.5,0,368,4,25-Feb,92,8.79,62.7,0,0,60,0
P Kumar,2008-2010,38,38,139.2,2,1140,34,18-Mar,33.52,8.18,24.5,0,0,5,0
A Kumble,2008-2010,42,42,160.5,1,1058,45,5-May,23.51,6.57,21.4,2,1,10,0
CK Langeveldt,2011-2011,3,3,11,0,84,5,10-Feb,16.8,7.63,13.2,0,0,0,0
AB McDonald,2012-2013,5,4,12,0,78,6,25-Feb,13,6.5,12,0,0,0,0
NJ Maddinson,2014-2015,3,-,-,-,-,-,-,-,-,-,-,-,1,0
Mandeep Singh,2015-2017,26,-,-,-,-,-,-,-,-,-,-,-,14,0
TS Mills,2017-2017,5,5,17.5,0,153,5,Feb-31,30.6,8.57,21.4,0,0,1,0
AF Milne,2016-2017,5,5,18,0,177,4,27-Feb,44.25,9.83,27,0,0,5,0
Misbah-ul-Haq,2008-2008,8,-,-,-,-,-,-,-,-,-,-,-,1,0
A Mithun,2009-2013,16,16,48,0,472,7,Feb-37,67.42,9.83,41.1,0,0,7,0
EJG Morgan,2010-2010,6,-,-,-,-,-,-,-,-,-,-,-,4,0
JA Morkel,2014-2014,7,6,16,0,126,4,18-Jan,31.5,7.87,24,0,0,2,0
A Mukund,2013-2013,1,-,-,-,-,-,-,-,-,-,-,-,0,0
M Muralitharan,2012-2014,21,21,79,0,561,21,21-Mar,26.71,7.1,22.5,0,0,3,0
KK Nair,2013-2013,2,-,-,-,-,-,-,-,-,-,-,-,0,0
DP Nannes,2011-2011,2,2,4,1,31,2,Jan-00,15.5,7.75,12,0,0,1,0
P Negi,2017-2017,12,12,32.1,0,197,16,10-Mar,12.31,6.12,12,0,0,3,0
R Ninan,2011-2011,2,2,6,0,65,3,Feb-31,21.66,10.83,12,0,0,1,0
AA Noffke,2008-2008,1,1,4,0,40,1,Jan-40,40,10,24,0,0,0,0
MK Pandey,2009-2010,18,-,-,-,-,-,-,-,-,-,-,-,10,0
Pankaj Singh,2009-2010,5,5,15,1,146,4,27-Feb,36.5,9.73,22.5,0,0,1,0
P Parameswaran,2012-2012,3,3,10,0,87,5,30-Mar,17.4,8.7,12,0,0,1,0
Parvez Rasool,2016-2016,4,4,14,0,129,1,31-Jan,129,9.21,84,0,0,2,0
HV Patel,2012-2017,36,34,113.5,0,971,34,Mar-43,28.55,8.53,20,0,0,11,0
PA Patel,2014-2014,12,-,-,-,-,-,-,-,-,-,-,-,11,1
AUK Pathan,2011-2012,8,3,6.3,0,63,0,-,-,9.69,-,0,0,2,0
DT Patil,2008-2008,2,-,-,-,-,-,-,-,-,-,-,-,2,0
KP Pietersen,2009-2010,13,10,23,0,162,7,Feb-31,23.14,7.04,19.7,0,0,6,0
LA Pomersbach,2011-2011,5,-,-,-,-,-,-,-,-,-,-,-,5,0
CA Pujara,2011-2013,14,-,-,-,-,-,-,-,-,-,-,-,4,0
KL Rahul,2013-2016,19,-,-,-,-,-,-,-,-,-,-,-,7,4
R Rampaul,2013-2014,12,12,43.4,4,298,14,31-Mar,21.28,6.82,18.7,0,0,4,0
S Rana,2014-2014,9,2,2,0,16,0,-,-,8,-,0,0,3,0
KW Richardson,2016-2016,4,4,14,0,136,7,13-Mar,19.42,9.71,12,0,0,2,0
RR Rossouw,2014-2015,5,-,-,-,-,-,-,-,-,-,-,-,2,0
JD Ryder,2009-2009,5,5,17,0,115,3,14-Feb,38.33,6.76,34,0,0,2,0
Sachin Baby,2016-2017,14,2,1.4,0,8,2,4-Feb,4,4.8,5,0,0,3,0
DJG Sammy,2015-2015,2,2,3,0,25,0,-,-,8.33,-,0,0,1,0
T Shamsi,2016-2016,4,4,16,0,147,3,21-Jan,49,9.18,32,0,0,1,0
KV Sharma,2009-2009,1,-,-,-,-,-,-,-,-,-,-,-,0,0
RP Singh,2013-2013,11,11,39.5,0,335,13,13-Mar,25.76,8.41,18.3,0,0,4,0
S Sriram,2010-2010,1,1,2,0,24,0,-,-,12,-,0,0,0,0
B Stanlake,2017-2017,2,2,8,0,70,2,Feb-29,35,8.75,24,0,0,1,0
MA Starc,2014-2015,27,26,96.4,1,693,34,15-Apr,20.38,7.16,17,1,0,16,0
DW Steyn,2008-2010,28,28,106,1,720,27,18-Mar,26.66,6.79,23.5,0,0,7,0
J Syed Mohammad,2011-2013,11,11,32,0,283,8,15-Feb,35.37,8.84,24,0,0,1,0
YV Takawale,2014-2014,5,-,-,-,-,-,-,-,-,-,-,-,2,1
LRPL Taylor,2008-2010,22,1,1,0,13,0,-,-,13,-,0,0,7,0
SS Tiwary,2011-2013,40,-,-,-,-,-,-,-,-,-,-,-,10,0
JD Unadkat,2013-2013,13,13,49,0,370,13,25-May,28.46,7.55,22.6,0,1,1,0
RV Uthappa,2009-2010,31,-,-,-,-,-,-,-,-,-,-,-,14,4
RE van der Merwe,2009-2010,11,11,38,0,275,11,22-Feb,25,7.23,20.7,0,0,5,0
JJ van der Wath,2011-2011,3,3,12,0,129,3,Feb-49,43,10.75,24,0,0,0,0
DL Vettori,2011-2012,22,22,86.4,0,547,17,19-Mar,32.17,6.31,30.5,0,0,7,0
R Vinay Kumar,2008-2013,64,63,217.3,0,1822,72,Apr-40,25.3,8.37,18.1,1,0,22,0
Vishnu Vinod,2017-2017,3,-,-,-,-,-,-,-,-,-,-,-,0,2
SR Watson,2016-2017,24,24,83.2,0,730,25,29-Apr,29.2,8.76,20,1,0,8,0
CL White,2008-2010,15,2,2,0,43,0,-,-,21.5,-,0,0,7,0
D Wiese,2015-2016,15,14,46.2,0,402,16,Apr-33,25.12,8.67,17.3,1,0,6,0
Yuvraj Singh,2014-2014,14,10,22.4,0,187,5,Apr-35,37.4,8.25,27.2,1,0,4,0
VH Zol,2014-2014,3,-,-,-,-,-,-,-,-,-,-,-,0,0
MA Agarwal,,3,-,-,-,-,-,-,-,-,-,-,-,1,0
Ankit Sharma,,4,4,12,0,100,1,27-Jan,100,8.33,72,0,0,1,0
M Ashwin,,10,10,28.3,0,241,7,Mar-36,34.42,8.45,24.4,0,0,0,0
R Ashwin,,14,14,44,0,319,10,Apr-34,31.9,7.25,26.4,1,0,3,0
GJ Bailey,,6,-,-,-,-,-,-,-,-,-,-,-,2,0
R Bhatia,,13,13,41,1,299,8,14-Feb,37.37,7.29,30.7,0,0,4,0
SM Boland,,2,2,7,0,54,2,Feb-31,27,7.71,21,0,0,0,0
DL Chahar,,5,5,12,0,115,1,Jan-35,115,9.58,72,0,0,1,0
RD Chahar,,3,2,7,0,58,2,26-Jan,29,8.28,21,0,0,1,0
DT Christian,,13,13,40,0,298,11,10-Feb,27.09,7.45,21.8,0,0,6,0
MS Dhoni,,30,-,-,-,-,-,-,-,-,-,-,-,18,7
AB Dinda,,12,12,40.3,2,350,12,20-Mar,29.16,8.64,20.2,0,0,0,0
F du Plessis,,8,-,-,-,-,-,-,-,-,-,-,-,4,0
LH Ferguson,,4,4,13,1,93,3,7-Feb,31,7.15,26,0,0,0,0
PSP Handscomb,,2,-,-,-,-,-,-,-,-,-,-,-,0,0
Imran Tahir,,12,12,47,0,369,18,18-Mar,20.5,7.85,15.6,0,0,2,0
UT Khawaja,,6,-,-,-,-,-,-,-,-,-,-,-,1,0
MR Marsh,,3,3,9,0,45,4,14-Feb,11.25,5,13.5,0,0,0,0
JA Morkel,,2,2,5,0,66,2,Feb-36,33,13.2,15,0,0,1,0
IK Pathan,,4,3,8,0,61,0,-,-,7.62,-,0,0,1,0
NLTC Perera,,12,11,33.1,0,326,9,Mar-34,36.22,9.82,22.1,0,0,5,0
KP Pietersen,,4,-,-,-,-,-,-,-,-,-,-,-,1,0
AM Rahane,,30,-,-,-,-,-,-,-,-,-,-,-,13,0
I Sharma,,4,4,15,0,148,3,Feb-36,49.33,9.86,30,0,0,2,0
RP Singh,,4,4,12,0,111,3,23-Jan,37,9.25,24,0,0,0,0
SPD Smith,,23,-,-,-,-,-,-,-,-,-,-,-,9,0
BA Stokes,,12,12,44,1,316,12,18-Mar,26.33,7.18,22,0,0,5,0
SN Thakur,,12,12,38.1,0,315,11,19-Mar,28.63,8.25,20.8,0,0,4,0
MK Tiwary,,15,-,-,-,-,-,-,-,-,-,-,-,6,0
SS Tiwary,,10,-,-,-,-,-,-,-,-,-,-,-,4,0
RA Tripathi,,14,1,1,0,12,0,-,-,12,-,0,0,5,0
JD Unadkat,,12,12,45.5,3,322,24,30-May,13.41,7.02,11.4,0,1,9,0
Washington Sundar,,11,10,30,0,185,8,16-Mar,23.12,6.16,22.5,0,0,5,0
A Zampa,,11,11,36.5,0,278,19,19-Jun,14.63,7.54,11.6,0,1,0,0
Ankit Sharma,2014-2015,7,6,22,0,157,7,20-Feb,22.42,7.13,18.8,0,0,2,0
SA Asnodkar,2008-2011,20,-,-,-,-,-,-,-,-,-,-,-,6,0
S Badree,2013-2013,1,1,4,0,34,0,-,-,8.5,-,0,0,0,0
R Bhatia,2014-2015,14,14,43,0,329,12,23-Mar,27.41,7.65,21.5,0,0,5,0
STR Binny,2011-2015,57,41,66,0,488,16,14-Feb,30.5,7.39,24.7,0,0,14,0
J Botha,2009-2012,24,24,89,0,610,19,6-Mar,32.1,6.85,28.1,0,0,9,0
LA Carseldine,2009-2009,5,1,1,0,6,1,6-Jan,6,6,6,0,0,4,0
UBT Chand,2014-2014,1,-,-,-,-,-,-,-,-,-,-,-,0,0
A Chandila,2012-2013,12,12,39,0,242,11,13-Apr,22,6.2,21.2,1,0,7,0
AA Chavan,2011-2013,13,13,41.2,0,326,8,23-Feb,40.75,7.88,31,0,0,3,0
SD Chitnis,2009-2009,1,-,-,-,-,-,-,-,-,-,-,-,0,0
KK Cooper,2012-2014,25,25,96,1,757,33,26-Apr,22.93,7.88,17.4,1,0,12,0
BCJ Cutting,2014-2014,1,1,4,0,31,1,31-Jan,31,7.75,24,0,0,1,0
P Dogra,2010-2010,9,-,-,-,-,-,-,-,-,-,-,-,2,0
AP Dole,2010-2010,3,3,11,0,112,5,Feb-36,22.4,10.18,13.2,0,0,2,0
ND Doshi,2011-2011,3,3,5.2,0,62,1,15-Jan,62,11.62,32,0,0,0,0
R Dravid,2011-2013,46,-,-,-,-,-,-,-,-,-,-,-,10,0
JP Faulkner,2013-2015,42,42,151.1,3,1272,47,16-May,27.06,8.41,19.2,0,2,9,0
FY Fazal,2010-2011,12,2,2,0,20,0,-,-,10,-,0,0,6,0
AJ Finch,2010-2010,1,1,1.1,0,5,0,-,-,4.28,-,0,0,0,0
SP Goswami,2012-2012,11,-,-,-,-,-,-,-,-,-,-,-,4,4
Harmeet Singh,2013-2013,1,1,4,0,34,1,Jan-34,34,8.5,24,0,0,0,0
SM Harwood,2009-2009,3,3,10,0,73,3,25-Feb,24.33,7.3,20,0,0,2,0
T Henderson,2009-2009,2,2,6,0,40,1,30-Jan,40,6.66,36,0,0,0,0
BJ Hodge,2012-2014,33,3,3,0,24,1,13-Jan,24,8,18,0,0,15,0
GB Hogg,2012-2013,10,10,39.2,0,284,10,Feb-31,28.4,7.22,23.6,0,0,1,0
DJ Hooda,2015-2015,14,7,15.1,0,129,1,Jan-35,129,8.5,91,0,0,1,0
Iqbal Abdulla,2014-2014,1,1,2,0,17,0,-,-,8.5,-,0,0,1,0
RA Jadeja,2008-2009,27,12,25.3,0,172,6,15-Mar,28.66,6.74,25.5,0,0,11,0
AA Jhunjhunwala,2010-2010,13,5,6.1,0,69,0,-,-,11.18,-,0,0,4,0
M Kaif,2008-2008,16,-,-,-,-,-,-,-,-,-,-,-,8,0
Kamran Akmal,2008-2008,6,-,-,-,-,-,-,-,-,-,-,-,5,4
Kamran Khan,2009-2010,8,8,23.4,0,177,9,18-Mar,19.66,7.47,15.7,0,0,4,0
T Kohli,2008-2008,2,-,-,-,-,-,-,-,-,-,-,-,1,0
DS Kulkarni,2014-2015,19,19,62,2,498,19,9-Feb,26.21,8.03,19.5,0,0,7,0
DS Lehmann,2008-2008,2,-,-,-,-,-,-,-,-,-,-,-,0,0
MJ Lumb,2010-2010,11,-,-,-,-,-,-,-,-,-,-,-,4,0
VS Malik,2013-2014,4,4,13,0,88,3,14-Feb,29.33,6.76,26,0,0,1,0
DR Martyn,2010-2010,1,-,-,-,-,-,-,-,-,-,-,-,0,0
AD Mascarenhas,2008-2010,8,8,31.2,1,226,12,20-Mar,18.83,7.21,15.6,0,0,1,0
AL Menaria,2011-2013,29,12,18.2,0,144,3,20-Feb,48,7.85,36.6,0,0,5,0
M Morkel,2009-2010,4,4,14,0,106,0,-,-,7.57,-,0,0,2,0
CH Morris,2015-2015,11,11,42,0,311,13,23-Apr,23.92,7.4,19.3,1,0,3,0
KK Nair,2014-2015,25,-,-,-,-,-,-,-,-,-,-,-,7,0
S Narwal,2010-2010,5,5,15.4,0,185,5,Mar-36,37,11.8,18.8,0,0,1,0
AM Nayar,2014-2014,5,-,-,-,-,-,-,-,-,-,-,-,1,0
NV Ojha,2009-2010,22,-,-,-,-,-,-,-,-,-,-,-,6,6
JDP Oram,2011-2011,2,2,4,0,45,1,Jan-32,45,11.25,24,0,0,0,0
Pankaj Singh,2008-2012,12,12,35,0,322,7,18-Feb,46,9.2,30,0,0,1,0
MM Patel,2008-2010,30,30,102.5,2,779,33,17-Mar,23.6,7.57,18.6,0,0,7,0
NK Patel,2008-2009,9,-,-,-,-,-,-,-,-,-,-,-,6,0
YK Pathan,2008-2010,43,35,97.1,0,719,20,22-Mar,35.95,7.39,29.1,0,0,14,0
AG Paunikar,2010-2011,5,-,-,-,-,-,-,-,-,-,-,-,1,0
MDKJ Perera,2013-2013,2,-,-,-,-,-,-,-,-,-,-,-,0,0
RJ Quiney,2009-2009,7,-,-,-,-,-,-,-,-,-,-,-,1,0
AM Rahane,2011-2015,71,-,-,-,-,-,-,-,-,-,-,-,31,0
AS Raut,2009-2011,22,5,5,0,44,0,-,-,8.8,-,0,0,9,0
M Rawat,2008-2009,16,-,-,-,-,-,-,-,-,-,-,-,15,1
KW Richardson,2014-2014,7,7,27,0,206,9,18-Feb,22.88,7.62,18,0,0,3,0
Sachin Baby,2013-2013,4,-,-,-,-,-,-,-,-,-,-,-,2,0
D Salunkhe,2008-2008,6,5,8,0,78,1,21-Jan,78,9.75,48,0,0,2,0
SV Samson,2013-2015,38,-,-,-,-,-,-,-,-,-,-,-,27,2
OA Shah,2012-2013,15,-,-,-,-,-,-,-,-,-,-,-,5,0
PR Shah,2011-2011,2,-,-,-,-,-,-,-,-,-,-,-,0,1
R Shukla,2013-2013,3,3,8,0,79,3,28-Feb,26.33,9.87,16,0,0,2,0
A Singh,2009-2012,23,23,78.5,1,620,28,19-Apr,22.14,7.86,16.8,1,0,1,0
GC Smith,2008-2010,25,-,-,-,-,-,-,-,-,-,-,-,6,0
SPD Smith,2014-2015,24,-,-,-,-,-,-,-,-,-,-,-,16,0
Sohail Tanvir,2008-2008,11,11,41.1,0,266,22,14-Jun,12.09,6.46,11.2,1,1,4,0
TG Southee,2014-2015,10,10,38,1,323,6,Feb-32,53.83,8.5,38,0,0,6,0
BB Sran,2015-2015,1,1,3,0,35,0,-,-,11.66,-,0,0,0,0
S Sreesanth,2013-2013,7,7,21.4,2,163,5,20-Feb,32.6,7.52,26,0,0,0,0
SW Tait,2010-2013,21,21,78.5,1,640,23,13-Mar,27.82,8.11,20.5,0,0,6,0
PV Tambe,2013-2015,26,26,94,0,710,23,20-Apr,30.86,7.55,24.5,1,0,3,0
LRPL Taylor,2011-2011,12,1,1,0,11,0,-,-,11,-,0,0,4,0
R Tewatia,2014-2015,4,4,12,0,90,3,17-Jan,30,7.5,24,0,0,0,0
J Theron,2015-2015,1,1,4,0,40,1,Jan-40,40,10,24,0,0,0,0
SK Trivedi,2008-2013,76,75,251,2,1904,65,25-Apr,29.29,7.58,23.1,1,0,14,0
A Uniyal,2010-2010,2,2,6,0,66,2,Feb-41,33,11,18,0,0,0,0
PC Valthaty,2009-2009,2,-,-,-,-,-,-,-,-,-,-,-,0,0
AC Voges,2010-2010,9,7,9,0,76,0,-,-,8.44,-,0,0,1,0
SB Wagh,2010-2010,1,1,1,0,16,1,16-Jan,16,16,6,0,0,0,0
SK Warne,2008-2011,55,54,199,1,1447,57,21-Apr,25.38,7.27,20.9,1,0,16,0
SR Watson,2008-2015,78,70,226.5,3,1701,61,10-Mar,27.88,7.49,22.3,0,0,21,0
DH Yagnik,2011-2014,25,-,-,-,-,-,-,-,-,-,-,-,12,5
Younis Khan,2008-2008,1,-,-,-,-,-,-,-,-,-,-,-,1,0
Anand Rajan,2013-2013,2,2,8,0,42,2,20-Jan,21,5.25,24,0,0,1,0
S Anirudha,2014-2014,1,-,-,-,-,-,-,-,-,-,-,-,0,0
Ankit Sharma,2013-2013,1,1,2,0,17,0,-,-,8.5,-,0,0,1,0
A Ashish Reddy,2013-2016,22,11,16.3,0,159,7,7-Jan,22.71,9.63,14.1,0,0,9,0
Bipul Sharma,2015-2017,18,16,37.2,0,300,9,13-Feb,33.33,8.03,24.8,0,0,3,0
RS Bopara,2015-2015,9,7,20,0,160,6,18-Feb,26.66,8,20,0,0,2,0
TA Boult,2015-2016,8,8,32,0,275,10,19-Mar,27.5,8.59,19.2,0,0,3,0
BCJ Cutting,2016-2017,8,8,23.5,0,203,6,20-Feb,33.83,8.51,23.8,0,0,2,0
Q de Kock,2013-2013,3,-,-,-,-,-,-,-,-,-,-,-,3,1
S Dhawan,2013-2017,69,-,-,-,-,-,-,-,-,-,-,-,26,0
AJ Finch,2014-2014,13,-,-,-,-,-,-,-,-,-,-,-,6,0
MC Henriques,2014-2017,42,42,111,0,917,28,16-Mar,32.75,8.26,23.7,0,0,18,0
JO Holder,2014-2014,1,1,3,0,35,1,Jan-35,35,11.66,18,0,0,2,0
DJ Hooda,2016-2017,27,9,17,0,139,5,16-Feb,27.8,8.17,20.4,0,0,8,0
CJ Jordan,2017-2017,1,1,1,0,9,1,9-Jan,9,9,6,0,0,0,0
S Kaul,2017-2017,10,10,35.4,0,300,16,29-Apr,18.75,8.41,13.3,1,0,3,0
B Kumar,2014-2017,59,59,223.1,4,1620,87,19-May,18.62,7.25,15.3,2,1,17,0
P Kumar,2015-2015,12,12,36,0,329,7,Feb-35,47,9.13,30.8,0,0,3,0
A Mishra,2013-2014,27,27,99.3,1,734,28,19-Apr,26.21,7.37,21.3,1,0,2,0
Mohammad Nabi,2017-2017,3,3,11,0,58,2,13-Jan,29,5.27,33,0,0,0,0
Mohammed Siraj,2017-2017,6,6,23,0,212,10,Apr-32,21.2,9.21,13.8,1,0,1,0
EJG Morgan,2015-2016,16,-,-,-,-,-,-,-,-,-,-,-,8,0
Mustafizur Rahman,2016-2017,17,17,63.4,1,455,17,16-Mar,26.76,7.14,22.4,0,0,2,0
A Nehra,2016-2017,14,14,47.1,1,396,17,15-Mar,23.29,8.39,16.6,0,0,2,0
NV Ojha,2014-2017,56,-,-,-,-,-,-,-,-,-,-,-,36,2
Parvez Rasool,2014-2015,5,5,14,0,114,2,20-Jan,57,8.14,42,0,0,1,0
PA Patel,2013-2013,13,-,-,-,-,-,-,-,-,-,-,-,5,3
IK Pathan,2014-2014,10,10,23.4,0,205,4,10-Feb,51.25,8.66,35.5,0,0,2,0
NLTC Perera,2013-2013,16,16,59.4,0,478,19,20-Mar,25.15,8.01,18.8,0,0,5,0
KL Rahul,2014-2015,20,-,-,-,-,-,-,-,-,-,-,-,5,0
Rashid Khan,2017-2017,14,14,54,0,358,17,19-Mar,21.05,6.62,19,0,0,5,0
DB Ravi Teja,2013-2013,2,-,-,-,-,-,-,-,-,-,-,-,0,0
PA Reddy,2013-2013,7,-,-,-,-,-,-,-,-,-,-,-,2,0
BB Samantray,2013-2013,8,-,-,-,-,-,-,-,-,-,-,-,3,0
DJG Sammy,2013-2014,20,17,36.2,0,325,11,22-Apr,29.54,8.94,19.8,1,0,8,0
KC Sangakkara,2013-2013,9,-,-,-,-,-,-,-,-,-,-,-,3,0
V Shankar,2017-2017,4,-,-,-,-,-,-,-,-,-,-,-,1,0
I Sharma,2013-2015,23,23,84.4,2,726,19,27-Mar,38.21,8.57,26.7,0,0,6,0
KV Sharma,2013-2016,46,46,141.4,1,1109,36,Apr-38,30.8,7.82,23.6,1,0,8,0
BB Sran,2016-2017,15,15,51.3,0,442,14,28-Mar,31.57,8.58,22,0,0,2,0
DW Steyn,2013-2015,37,37,142.5,3,985,33,11-Mar,29.84,6.89,25.9,0,0,12,0
AP Tare,2016-2016,3,-,-,-,-,-,-,-,-,-,-,-,1,0
X Thalaivan Sargunam,2013-2013,1,-,-,-,-,-,-,-,-,-,-,-,0,0
Y Venugopal Rao,2014-2014,7,2,2,0,16,0,-,-,8,-,0,0,2,0
GH Vihari,2013-2015,22,5,6,0,38,1,5-Jan,38,6.33,36,0,0,6,0
DA Warner,2014-2017,59,-,-,-,-,-,-,-,-,-,-,-,30,0
CL White,2013-2013,13,2,2,0,16,1,14-Jan,16,8,12,0,0,10,0
KS Williamson,2015-2017,15,1,1,0,7,0,-,-,7,-,0,0,8,0
Yuvraj Singh,2016-2017,22,7,8.1,0,74,1,6-Jan,74,9.06,49,0,0,4,0
